uuid,player,course,time,plays
05ac44cc-4b42-4000-a4f3-9fcf7869646f,Xamyr,1,17203,27
53c5ea72-a2b3-4374-9ba6-ffd7dcc9092f,Ibanez,1,4744,17
05ac44cc-4b42-4000-a4f3-9fcf7869646f,Xamyr,101,-1,1
05ac44cc-4b42-4000-a4f3-9fcf7869646f,Xamyr,11,9053,2
53c5ea72-a2b3-4374-9ba6-ffd7dcc9092f,Ibanez,209,-1,1
8a03e238-95fc-4e05-a4ac-cfeff5337324,Hastik241,209,3656,12
8a03e238-95fc-4e05-a4ac-cfeff5337324,Hastik241,1,15998,6
8a03e238-95fc-4e05-a4ac-cfeff5337324,Hastik241,11,8171,3
8a03e238-95fc-4e05-a4ac-cfeff5337324,Hastik241,101,29399,3
05ac44cc-4b42-4000-a4f3-9fcf7869646f,Xamyr,1401,-1,1
8a03e238-95fc-4e05-a4ac-cfeff5337324,Hastik241,1401,25916,3
8a03e238-95fc-4e05-a4ac-cfeff5337324,Hastik241,205,17043,4
5b317a41-b01a-42c9-a804-1b88aa3ef408,Navi___,205,17250,3
05ac44cc-4b42-4000-a4f3-9fcf7869646f,Xamyr,205,-1,3
5b317a41-b01a-42c9-a804-1b88aa3ef408,Navi___,212,-1,1
05ac44cc-4b42-4000-a4f3-9fcf7869646f,Xamyr,212,-1,1
8a03e238-95fc-4e05-a4ac-cfeff5337324,Hastik241,212,7753,2
8a03e238-95fc-4e05-a4ac-cfeff5337324,Hastik241,29,13648,4
5b317a41-b01a-42c9-a804-1b88aa3ef408,Navi___,29,30754,2
8a03e238-95fc-4e05-a4ac-cfeff5337324,Hastik241,211,14433,1
8a03e238-95fc-4e05-a4ac-cfeff5337324,Hastik241,2,10009,3
8a03e238-95fc-4e05-a4ac-cfeff5337324,Hastik241,5,6598,12
5b317a41-b01a-42c9-a804-1b88aa3ef408,Navi___,2030,-1,5
5b317a41-b01a-42c9-a804-1b88aa3ef408,Navi___,2031,42502,4
8a03e238-95fc-4e05-a4ac-cfeff5337324,Hastik241,2031,43400,1
8a03e238-95fc-4e05-a4ac-cfeff5337324,Hastik241,2032,36600,1
8a03e238-95fc-4e05-a4ac-cfeff5337324,Hastik241,2030,-1,1
8a03e238-95fc-4e05-a4ac-cfeff5337324,Hastik241,1402,14397,6
5b317a41-b01a-42c9-a804-1b88aa3ef408,Navi___,1402,14448,16
5b317a41-b01a-42c9-a804-1b88aa3ef408,Navi___,13,-1,1
5b317a41-b01a-42c9-a804-1b88aa3ef408,Navi___,207,16366,3
5b317a41-b01a-42c9-a804-1b88aa3ef408,Navi___,219,12919,9
5b317a41-b01a-42c9-a804-1b88aa3ef408,Navi___,2000,13800,5
5b317a41-b01a-42c9-a804-1b88aa3ef408,Navi___,2001,13715,6
5b317a41-b01a-42c9-a804-1b88aa3ef408,Navi___,2002,22446,4
5b317a41-b01a-42c9-a804-1b88aa3ef408,Navi___,2003,20850,3
5b317a41-b01a-42c9-a804-1b88aa3ef408,Navi___,109,18934,6
5b317a41-b01a-42c9-a804-1b88aa3ef408,Navi___,14,-1,1
5b317a41-b01a-42c9-a804-1b88aa3ef408,Navi___,10,11008,5
05ac44cc-4b42-4000-a4f3-9fcf7869646f,Xamyr,10,11951,3
5b317a41-b01a-42c9-a804-1b88aa3ef408,Navi___,1,16600,4
76307eb4-df62-4305-bb61-ddec06f24911,niedoczekanie111,1,1496,4
5b317a41-b01a-42c9-a804-1b88aa3ef408,Navi___,25,12648,3
76307eb4-df62-4305-bb61-ddec06f24911,niedoczekanie111,2,746,68
5b317a41-b01a-42c9-a804-1b88aa3ef408,Navi___,15,14264,2
05ac44cc-4b42-4000-a4f3-9fcf7869646f,Xamyr,2,11255,26
5b317a41-b01a-42c9-a804-1b88aa3ef408,Navi___,100,32049,5
76307eb4-df62-4305-bb61-ddec06f24911,niedoczekanie111,219,13050,1
5b317a41-b01a-42c9-a804-1b88aa3ef408,Navi___,220,37664,4
5b317a41-b01a-42c9-a804-1b88aa3ef408,Navi___,30,-1,1
05ac44cc-4b42-4000-a4f3-9fcf7869646f,Xamyr,109,-1,2
76307eb4-df62-4305-bb61-ddec06f24911,niedoczekanie111,220,35555,1
5b317a41-b01a-42c9-a804-1b88aa3ef408,Navi___,112,44502,2
76307eb4-df62-4305-bb61-ddec06f24911,niedoczekanie111,1402,15400,1
76307eb4-df62-4305-bb61-ddec06f24911,niedoczekanie111,212,7846,2
76307eb4-df62-4305-bb61-ddec06f24911,niedoczekanie111,209,3490,9
76307eb4-df62-4305-bb61-ddec06f24911,niedoczekanie111,205,17401,1
76307eb4-df62-4305-bb61-ddec06f24911,niedoczekanie111,202,19256,1
76307eb4-df62-4305-bb61-ddec06f24911,niedoczekanie111,5,6697,7
5b317a41-b01a-42c9-a804-1b88aa3ef408,Navi___,2032,36300,4
5b317a41-b01a-42c9-a804-1b88aa3ef408,Navi___,5,6603,14
76307eb4-df62-4305-bb61-ddec06f24911,niedoczekanie111,101,31304,1
76307eb4-df62-4305-bb61-ddec06f24911,niedoczekanie111,100,32148,3
76307eb4-df62-4305-bb61-ddec06f24911,niedoczekanie111,2000,-1,1
76307eb4-df62-4305-bb61-ddec06f24911,niedoczekanie111,2001,13451,2
76307eb4-df62-4305-bb61-ddec06f24911,niedoczekanie111,112,42546,2
76307eb4-df62-4305-bb61-ddec06f24911,niedoczekanie111,109,-1,1
76307eb4-df62-4305-bb61-ddec06f24911,niedoczekanie111,15,13555,3
76307eb4-df62-4305-bb61-ddec06f24911,niedoczekanie111,211,14154,1
5b317a41-b01a-42c9-a804-1b88aa3ef408,Navi___,2,7106,3
53c5ea72-a2b3-4374-9ba6-ffd7dcc9092f,Ibanez,2,3695,11
53c5ea72-a2b3-4374-9ba6-ffd7dcc9092f,Ibanez,30,23525,2
76307eb4-df62-4305-bb61-ddec06f24911,niedoczekanie111,1401,25975,1
76307eb4-df62-4305-bb61-ddec06f24911,niedoczekanie111,207,16148,2
76307eb4-df62-4305-bb61-ddec06f24911,niedoczekanie111,30,-1,1
85f6c69b-d6d8-4adb-a1ee-f99e38358936,fredoo,2001,16200,1
85f6c69b-d6d8-4adb-a1ee-f99e38358936,fredoo,2002,15344,1
53c5ea72-a2b3-4374-9ba6-ffd7dcc9092f,Ibanez,2002,12254,1
85f6c69b-d6d8-4adb-a1ee-f99e38358936,fredoo,101,33204,5
53c5ea72-a2b3-4374-9ba6-ffd7dcc9092f,Ibanez,101,33344,4
53c5ea72-a2b3-4374-9ba6-ffd7dcc9092f,Ibanez,10,12001,2
53c5ea72-a2b3-4374-9ba6-ffd7dcc9092f,Ibanez,8,12043,29
53c5ea72-a2b3-4374-9ba6-ffd7dcc9092f,Ibanez,4,12853,7
85f6c69b-d6d8-4adb-a1ee-f99e38358936,fredoo,4,12256,3
85f6c69b-d6d8-4adb-a1ee-f99e38358936,fredoo,3,17042,12
53c5ea72-a2b3-4374-9ba6-ffd7dcc9092f,Ibanez,3,16986,4
53c5ea72-a2b3-4374-9ba6-ffd7dcc9092f,Ibanez,2000,16046,1
85f6c69b-d6d8-4adb-a1ee-f99e38358936,fredoo,2000,24600,1
85f6c69b-d6d8-4adb-a1ee-f99e38358936,fredoo,8,12042,41
53c5ea72-a2b3-4374-9ba6-ffd7dcc9092f,Ibanez,11,8508,2
85f6c69b-d6d8-4adb-a1ee-f99e38358936,fredoo,11,8250,4
85f6c69b-d6d8-4adb-a1ee-f99e38358936,fredoo,13,49598,1
85f6c69b-d6d8-4adb-a1ee-f99e38358936,fredoo,30,22343,1
85f6c69b-d6d8-4adb-a1ee-f99e38358936,fredoo,25,12551,14
53c5ea72-a2b3-4374-9ba6-ffd7dcc9092f,Ibanez,25,12510,14
85f6c69b-d6d8-4adb-a1ee-f99e38358936,fredoo,109,20065,4
53c5ea72-a2b3-4374-9ba6-ffd7dcc9092f,Ibanez,109,20359,3
85f6c69b-d6d8-4adb-a1ee-f99e38358936,fredoo,2003,21906,1
53c5ea72-a2b3-4374-9ba6-ffd7dcc9092f,Ibanez,2003,21750,2
05ac44cc-4b42-4000-a4f3-9fcf7869646f,Xamyr,2003,51455,6
3c82958c-49ea-46b7-867c-581b23699b81,Desire_PvP,1,19201,2
3c82958c-49ea-46b7-867c-581b23699b81,Desire_PvP,2,12097,1
3c82958c-49ea-46b7-867c-581b23699b81,Desire_PvP,3,17951,6
05ac44cc-4b42-4000-a4f3-9fcf7869646f,Xamyr,3,16857,2
05ac44cc-4b42-4000-a4f3-9fcf7869646f,Xamyr,4,12787,7
3c82958c-49ea-46b7-867c-581b23699b81,Desire_PvP,4,12799,11
05ac44cc-4b42-4000-a4f3-9fcf7869646f,Xamyr,5,7188,7
05ac44cc-4b42-4000-a4f3-9fcf7869646f,Xamyr,8,12302,5
3c82958c-49ea-46b7-867c-581b23699b81,Desire_PvP,5,7799,4
05ac44cc-4b42-4000-a4f3-9fcf7869646f,Xamyr,15,14099,12
8a03e238-95fc-4e05-a4ac-cfeff5337324,Hastik241,25,12491,3
8a03e238-95fc-4e05-a4ac-cfeff5337324,Hastik241,100,31086,4
8a03e238-95fc-4e05-a4ac-cfeff5337324,Hastik241,14,13841,1
5b317a41-b01a-42c9-a804-1b88aa3ef408,Navi___,4,12136,1
8a03e238-95fc-4e05-a4ac-cfeff5337324,Hastik241,4,11157,3
8a03e238-95fc-4e05-a4ac-cfeff5337324,Hastik241,3,16490,3
8a03e238-95fc-4e05-a4ac-cfeff5337324,Hastik241,207,16108,7
8a03e238-95fc-4e05-a4ac-cfeff5337324,Hastik241,8,11845,11
8a03e238-95fc-4e05-a4ac-cfeff5337324,Hastik241,7,23729,2
8a03e238-95fc-4e05-a4ac-cfeff5337324,Hastik241,13,38766,1
8a03e238-95fc-4e05-a4ac-cfeff5337324,Hastik241,15,12808,4
8a03e238-95fc-4e05-a4ac-cfeff5337324,Hastik241,2000,14231,1
8a03e238-95fc-4e05-a4ac-cfeff5337324,Hastik241,2001,14111,1
8a03e238-95fc-4e05-a4ac-cfeff5337324,Hastik241,2002,23158,1
8a03e238-95fc-4e05-a4ac-cfeff5337324,Hastik241,2003,20078,1
8a03e238-95fc-4e05-a4ac-cfeff5337324,Hastik241,109,19509,1
8a03e238-95fc-4e05-a4ac-cfeff5337324,Hastik241,112,42340,4
8a03e238-95fc-4e05-a4ac-cfeff5337324,Hastik241,10,10942,1
f3363094-ff55-453b-9dec-d7b46ef2234e,Parkourowiecc,1,15869,8
f3363094-ff55-453b-9dec-d7b46ef2234e,Parkourowiecc,2,9847,6
f3363094-ff55-453b-9dec-d7b46ef2234e,Parkourowiecc,3,16052,7
f3363094-ff55-453b-9dec-d7b46ef2234e,Parkourowiecc,4,11150,7
f3363094-ff55-453b-9dec-d7b46ef2234e,Parkourowiecc,5,6532,16
f3363094-ff55-453b-9dec-d7b46ef2234e,Parkourowiecc,7,17651,4
f3363094-ff55-453b-9dec-d7b46ef2234e,Parkourowiecc,8,11697,7
f3363094-ff55-453b-9dec-d7b46ef2234e,Parkourowiecc,10,10553,4
f3363094-ff55-453b-9dec-d7b46ef2234e,Parkourowiecc,11,7803,5
f3363094-ff55-453b-9dec-d7b46ef2234e,Parkourowiecc,13,31049,4
f3363094-ff55-453b-9dec-d7b46ef2234e,Parkourowiecc,14,13350,5
f3363094-ff55-453b-9dec-d7b46ef2234e,Parkourowiecc,15,12152,4
f3363094-ff55-453b-9dec-d7b46ef2234e,Parkourowiecc,25,12449,11
f3363094-ff55-453b-9dec-d7b46ef2234e,Parkourowiecc,29,27996,10
05ac44cc-4b42-4000-a4f3-9fcf7869646f,Xamyr,30,21796,2
f3363094-ff55-453b-9dec-d7b46ef2234e,Parkourowiecc,2003,20146,10
5b317a41-b01a-42c9-a804-1b88aa3ef408,Navi___,12,17842,3
f3363094-ff55-453b-9dec-d7b46ef2234e,Parkourowiecc,12,17302,10
f3363094-ff55-453b-9dec-d7b46ef2234e,Parkourowiecc,121,16302,4
f3363094-ff55-453b-9dec-d7b46ef2234e,Parkourowiecc,218,13052,2
5b317a41-b01a-42c9-a804-1b88aa3ef408,Navi___,200,18312,2
f3363094-ff55-453b-9dec-d7b46ef2234e,Parkourowiecc,200,17951,6
5b317a41-b01a-42c9-a804-1b88aa3ef408,Navi___,28,16850,4
f3363094-ff55-453b-9dec-d7b46ef2234e,Parkourowiecc,28,16701,7
05ac44cc-4b42-4000-a4f3-9fcf7869646f,Xamyr,28,18049,3
f3363094-ff55-453b-9dec-d7b46ef2234e,Parkourowiecc,114,15650,5
05ac44cc-4b42-4000-a4f3-9fcf7869646f,Xamyr,114,20100,1
f3363094-ff55-453b-9dec-d7b46ef2234e,Parkourowiecc,217,20702,6
5b317a41-b01a-42c9-a804-1b88aa3ef408,Navi___,217,-1,2
05ac44cc-4b42-4000-a4f3-9fcf7869646f,Xamyr,217,-1,3
05ac44cc-4b42-4000-a4f3-9fcf7869646f,Xamyr,12,19400,1
f3363094-ff55-453b-9dec-d7b46ef2234e,Parkourowiecc,304,15907,4
f3363094-ff55-453b-9dec-d7b46ef2234e,Parkourowiecc,108,22101,2
f3363094-ff55-453b-9dec-d7b46ef2234e,Parkourowiecc,35,36699,1
e8fa0d08-b114-45dc-a0b5-8351ab90faf4,ThisTexanDuck,1,16553,2
5b317a41-b01a-42c9-a804-1b88aa3ef408,Navi___,35,5486,3
e8fa0d08-b114-45dc-a0b5-8351ab90faf4,ThisTexanDuck,2,10251,3
f3363094-ff55-453b-9dec-d7b46ef2234e,Parkourowiecc,104,27101,5
e8fa0d08-b114-45dc-a0b5-8351ab90faf4,ThisTexanDuck,4,12283,1
e8fa0d08-b114-45dc-a0b5-8351ab90faf4,ThisTexanDuck,5,7145,3
e8fa0d08-b114-45dc-a0b5-8351ab90faf4,ThisTexanDuck,12,18851,1
e8fa0d08-b114-45dc-a0b5-8351ab90faf4,ThisTexanDuck,14,16350,1
f3363094-ff55-453b-9dec-d7b46ef2234e,Parkourowiecc,122,15750,6
f3363094-ff55-453b-9dec-d7b46ef2234e,Parkourowiecc,26,7800,6
f3363094-ff55-453b-9dec-d7b46ef2234e,Parkourowiecc,110,17504,8
5b317a41-b01a-42c9-a804-1b88aa3ef408,Navi___,110,18320,1
f3363094-ff55-453b-9dec-d7b46ef2234e,Parkourowiecc,18,14854,5
f3363094-ff55-453b-9dec-d7b46ef2234e,Parkourowiecc,209,4003,8
f3363094-ff55-453b-9dec-d7b46ef2234e,Parkourowiecc,207,15841,10
f3363094-ff55-453b-9dec-d7b46ef2234e,Parkourowiecc,123,9653,5
f3363094-ff55-453b-9dec-d7b46ef2234e,Parkourowiecc,2032,35550,10
f3363094-ff55-453b-9dec-d7b46ef2234e,Parkourowiecc,211,13900,4
f3363094-ff55-453b-9dec-d7b46ef2234e,Parkourowiecc,220,35253,8
f3363094-ff55-453b-9dec-d7b46ef2234e,Parkourowiecc,219,12452,11
f3363094-ff55-453b-9dec-d7b46ef2234e,Parkourowiecc,212,7598,7
f3363094-ff55-453b-9dec-d7b46ef2234e,Parkourowiecc,205,16953,7
f3363094-ff55-453b-9dec-d7b46ef2234e,Parkourowiecc,202,19149,5
f3363094-ff55-453b-9dec-d7b46ef2234e,Parkourowiecc,2000,13654,16
f3363094-ff55-453b-9dec-d7b46ef2234e,Parkourowiecc,2001,13397,16
f3363094-ff55-453b-9dec-d7b46ef2234e,Parkourowiecc,2002,22300,9
f3363094-ff55-453b-9dec-d7b46ef2234e,Parkourowiecc,2030,73499,9
f3363094-ff55-453b-9dec-d7b46ef2234e,Parkourowiecc,2031,42603,7
f3363094-ff55-453b-9dec-d7b46ef2234e,Parkourowiecc,1402,14695,7
f3363094-ff55-453b-9dec-d7b46ef2234e,Parkourowiecc,1401,26153,5
f3363094-ff55-453b-9dec-d7b46ef2234e,Parkourowiecc,112,41305,5
f3363094-ff55-453b-9dec-d7b46ef2234e,Parkourowiecc,100,29999,5
f3363094-ff55-453b-9dec-d7b46ef2234e,Parkourowiecc,101,28999,2
f3363094-ff55-453b-9dec-d7b46ef2234e,Parkourowiecc,30,18550,4
f3363094-ff55-453b-9dec-d7b46ef2234e,Parkourowiecc,27,23799,4
f3363094-ff55-453b-9dec-d7b46ef2234e,Parkourowiecc,109,18651,4
f3363094-ff55-453b-9dec-d7b46ef2234e,Parkourowiecc,31,29596,3
05ac44cc-4b42-4000-a4f3-9fcf7869646f,Xamyr,1402,16754,1
f3363094-ff55-453b-9dec-d7b46ef2234e,Parkourowiecc,17,15652,4
05ac44cc-4b42-4000-a4f3-9fcf7869646f,Xamyr,17,17386,5
05ac44cc-4b42-4000-a4f3-9fcf7869646f,Xamyr,600,-1,1
f3363094-ff55-453b-9dec-d7b46ef2234e,Parkourowiecc,600,27152,4
f3363094-ff55-453b-9dec-d7b46ef2234e,Parkourowiecc,1403,25751,5
f3363094-ff55-453b-9dec-d7b46ef2234e,Parkourowiecc,1404,73052,5
f3363094-ff55-453b-9dec-d7b46ef2234e,Parkourowiecc,400,14702,7
f3363094-ff55-453b-9dec-d7b46ef2234e,Parkourowiecc,401,12704,8
f3363094-ff55-453b-9dec-d7b46ef2234e,Parkourowiecc,402,7389,9
f3363094-ff55-453b-9dec-d7b46ef2234e,Parkourowiecc,403,11252,8
f3363094-ff55-453b-9dec-d7b46ef2234e,Parkourowiecc,404,27200,7
f3363094-ff55-453b-9dec-d7b46ef2234e,Parkourowiecc,405,43250,5
f3363094-ff55-453b-9dec-d7b46ef2234e,Parkourowiecc,406,37599,7
f3363094-ff55-453b-9dec-d7b46ef2234e,Parkourowiecc,2010,31701,4
f3363094-ff55-453b-9dec-d7b46ef2234e,Parkourowiecc,2011,23838,4
f3363094-ff55-453b-9dec-d7b46ef2234e,Parkourowiecc,2012,27399,4
f3363094-ff55-453b-9dec-d7b46ef2234e,Parkourowiecc,2013,44152,6
f3363094-ff55-453b-9dec-d7b46ef2234e,Parkourowiecc,2014,43148,5
f3363094-ff55-453b-9dec-d7b46ef2234e,Parkourowiecc,500,48351,6
f3363094-ff55-453b-9dec-d7b46ef2234e,Parkourowiecc,501,18853,6
f3363094-ff55-453b-9dec-d7b46ef2234e,Parkourowiecc,502,24699,6
f3363094-ff55-453b-9dec-d7b46ef2234e,Parkourowiecc,503,19791,6
f3363094-ff55-453b-9dec-d7b46ef2234e,Parkourowiecc,504,22100,6
f3363094-ff55-453b-9dec-d7b46ef2234e,Parkourowiecc,505,33300,6
f3363094-ff55-453b-9dec-d7b46ef2234e,Parkourowiecc,506,20146,5
f3363094-ff55-453b-9dec-d7b46ef2234e,Parkourowiecc,507,23298,5
f3363094-ff55-453b-9dec-d7b46ef2234e,Parkourowiecc,508,25345,5
f3363094-ff55-453b-9dec-d7b46ef2234e,Parkourowiecc,509,12951,5
f3363094-ff55-453b-9dec-d7b46ef2234e,Parkourowiecc,102,15954,3
f3363094-ff55-453b-9dec-d7b46ef2234e,Parkourowiecc,303,8300,9
f3363094-ff55-453b-9dec-d7b46ef2234e,Parkourowiecc,119,22551,3
f3363094-ff55-453b-9dec-d7b46ef2234e,Parkourowiecc,105,20000,3
f3363094-ff55-453b-9dec-d7b46ef2234e,Parkourowiecc,116,14699,3
f3363094-ff55-453b-9dec-d7b46ef2234e,Parkourowiecc,215,23354,4
f3363094-ff55-453b-9dec-d7b46ef2234e,Parkourowiecc,120,57698,4
f3363094-ff55-453b-9dec-d7b46ef2234e,Parkourowiecc,21,21353,6
f3363094-ff55-453b-9dec-d7b46ef2234e,Parkourowiecc,22,9348,4
f3363094-ff55-453b-9dec-d7b46ef2234e,Parkourowiecc,111,12750,5
f3363094-ff55-453b-9dec-d7b46ef2234e,Parkourowiecc,23,13000,6
f3363094-ff55-453b-9dec-d7b46ef2234e,Parkourowiecc,20,12099,6
f3363094-ff55-453b-9dec-d7b46ef2234e,Parkourowiecc,9,8547,5
f3363094-ff55-453b-9dec-d7b46ef2234e,Parkourowiecc,106,12150,3
f3363094-ff55-453b-9dec-d7b46ef2234e,Parkourowiecc,206,14898,7
f3363094-ff55-453b-9dec-d7b46ef2234e,Parkourowiecc,216,27244,2
f3363094-ff55-453b-9dec-d7b46ef2234e,Parkourowiecc,214,22650,4
f3363094-ff55-453b-9dec-d7b46ef2234e,Parkourowiecc,213,19147,4
f3363094-ff55-453b-9dec-d7b46ef2234e,Parkourowiecc,115,10851,4
f3363094-ff55-453b-9dec-d7b46ef2234e,Parkourowiecc,204,5951,19
f3363094-ff55-453b-9dec-d7b46ef2234e,Parkourowiecc,103,15254,4
f3363094-ff55-453b-9dec-d7b46ef2234e,Parkourowiecc,210,14951,5
f3363094-ff55-453b-9dec-d7b46ef2234e,Parkourowiecc,113,19449,4
f3363094-ff55-453b-9dec-d7b46ef2234e,Parkourowiecc,117,24956,4
f3363094-ff55-453b-9dec-d7b46ef2234e,Parkourowiecc,107,17149,3
f3363094-ff55-453b-9dec-d7b46ef2234e,Parkourowiecc,118,12451,5
f3363094-ff55-453b-9dec-d7b46ef2234e,Parkourowiecc,208,29401,6
f3363094-ff55-453b-9dec-d7b46ef2234e,Parkourowiecc,16,12999,6
f3363094-ff55-453b-9dec-d7b46ef2234e,Parkourowiecc,2020,55803,5
f3363094-ff55-453b-9dec-d7b46ef2234e,Parkourowiecc,2021,54156,5
f3363094-ff55-453b-9dec-d7b46ef2234e,Parkourowiecc,2022,29701,7
e8fa0d08-b114-45dc-a0b5-8351ab90faf4,ThisTexanDuck,10,12191,1
e8fa0d08-b114-45dc-a0b5-8351ab90faf4,ThisTexanDuck,16,14400,1
e8fa0d08-b114-45dc-a0b5-8351ab90faf4,ThisTexanDuck,26,9344,1
e8fa0d08-b114-45dc-a0b5-8351ab90faf4,ThisTexanDuck,400,15406,1
e8fa0d08-b114-45dc-a0b5-8351ab90faf4,ThisTexanDuck,1402,15796,1
e8fa0d08-b114-45dc-a0b5-8351ab90faf4,ThisTexanDuck,11,8804,2
f3363094-ff55-453b-9dec-d7b46ef2234e,Parkourowiecc,602,13098,3
f3363094-ff55-453b-9dec-d7b46ef2234e,Parkourowiecc,605,11198,3
f3363094-ff55-453b-9dec-d7b46ef2234e,Parkourowiecc,203,27201,2
05ac44cc-4b42-4000-a4f3-9fcf7869646f,Xamyr,16,14744,1
05ac44cc-4b42-4000-a4f3-9fcf7869646f,Xamyr,26,9099,2
3c82958c-49ea-46b7-867c-581b23699b81,Desire_PvP,7,27047,2
05ac44cc-4b42-4000-a4f3-9fcf7869646f,Xamyr,7,27050,1
05ac44cc-4b42-4000-a4f3-9fcf7869646f,Xamyr,304,61889,2
3c82958c-49ea-46b7-867c-581b23699b81,Desire_PvP,304,96395,1
05ac44cc-4b42-4000-a4f3-9fcf7869646f,Xamyr,100,56251,1
f3363094-ff55-453b-9dec-d7b46ef2234e,Parkourowiecc,201,30896,4
70a58636-0545-44cc-b6e1-1fe7362544c6,xpawelekk_,1,17351,3
70a58636-0545-44cc-b6e1-1fe7362544c6,xpawelekk_,25,12849,4
70a58636-0545-44cc-b6e1-1fe7362544c6,xpawelekk_,16,14947,1
70a58636-0545-44cc-b6e1-1fe7362544c6,xpawelekk_,17,18494,3
70a58636-0545-44cc-b6e1-1fe7362544c6,xpawelekk_,21,26001,1
70a58636-0545-44cc-b6e1-1fe7362544c6,xpawelekk_,2000,15099,3
05ac44cc-4b42-4000-a4f3-9fcf7869646f,Xamyr,2000,14845,1
70a58636-0545-44cc-b6e1-1fe7362544c6,xpawelekk_,2001,16154,2
05ac44cc-4b42-4000-a4f3-9fcf7869646f,Xamyr,2001,14795,1
70a58636-0545-44cc-b6e1-1fe7362544c6,xpawelekk_,2031,48004,3
70a58636-0545-44cc-b6e1-1fe7362544c6,xpawelekk_,602,14551,3
70a58636-0545-44cc-b6e1-1fe7362544c6,xpawelekk_,605,12599,2
70a58636-0545-44cc-b6e1-1fe7362544c6,xpawelekk_,30,22497,1
70a58636-0545-44cc-b6e1-1fe7362544c6,xpawelekk_,604,11148,2
f3363094-ff55-453b-9dec-d7b46ef2234e,Parkourowiecc,604,10850,2
05ac44cc-4b42-4000-a4f3-9fcf7869646f,Xamyr,605,12300,3
70a58636-0545-44cc-b6e1-1fe7362544c6,xpawelekk_,28,18152,5
70a58636-0545-44cc-b6e1-1fe7362544c6,xpawelekk_,22,10900,1
70a58636-0545-44cc-b6e1-1fe7362544c6,xpawelekk_,9,8848,7
70a58636-0545-44cc-b6e1-1fe7362544c6,xpawelekk_,8,12893,3
70a58636-0545-44cc-b6e1-1fe7362544c6,xpawelekk_,29,32902,1
70a58636-0545-44cc-b6e1-1fe7362544c6,xpawelekk_,26,8903,3
70a58636-0545-44cc-b6e1-1fe7362544c6,xpawelekk_,400,16249,1
05ac44cc-4b42-4000-a4f3-9fcf7869646f,Xamyr,401,14551,1
f3363094-ff55-453b-9dec-d7b46ef2234e,Parkourowiecc,601,9298,5
05ac44cc-4b42-4000-a4f3-9fcf7869646f,Xamyr,601,9750,3
70a58636-0545-44cc-b6e1-1fe7362544c6,xpawelekk_,601,11202,2
05ac44cc-4b42-4000-a4f3-9fcf7869646f,Xamyr,606,23394,1
f3363094-ff55-453b-9dec-d7b46ef2234e,Parkourowiecc,606,23549,2
f3363094-ff55-453b-9dec-d7b46ef2234e,Parkourowiecc,603,18349,2
70a58636-0545-44cc-b6e1-1fe7362544c6,xpawelekk_,101,38397,1
70a58636-0545-44cc-b6e1-1fe7362544c6,xpawelekk_,104,34498,2
70a58636-0545-44cc-b6e1-1fe7362544c6,xpawelekk_,112,48855,1
70a58636-0545-44cc-b6e1-1fe7362544c6,xpawelekk_,2010,40851,1
70a58636-0545-44cc-b6e1-1fe7362544c6,xpawelekk_,2011,33352,1
70a58636-0545-44cc-b6e1-1fe7362544c6,xpawelekk_,501,24103,1
70a58636-0545-44cc-b6e1-1fe7362544c6,xpawelekk_,2022,35099,1
70a58636-0545-44cc-b6e1-1fe7362544c6,xpawelekk_,2030,82449,1
70a58636-0545-44cc-b6e1-1fe7362544c6,xpawelekk_,100,49895,1
70a58636-0545-44cc-b6e1-1fe7362544c6,xpawelekk_,23,23700,1
70a58636-0545-44cc-b6e1-1fe7362544c6,xpawelekk_,2,10754,3
70a58636-0545-44cc-b6e1-1fe7362544c6,xpawelekk_,3,17448,2
70a58636-0545-44cc-b6e1-1fe7362544c6,xpawelekk_,4,13400,1
70a58636-0545-44cc-b6e1-1fe7362544c6,xpawelekk_,5,8749,1
70a58636-0545-44cc-b6e1-1fe7362544c6,xpawelekk_,11,9649,1
70a58636-0545-44cc-b6e1-1fe7362544c6,xpawelekk_,103,16500,1
70a58636-0545-44cc-b6e1-1fe7362544c6,xpawelekk_,106,12947,1
70a58636-0545-44cc-b6e1-1fe7362544c6,xpawelekk_,123,13150,1
70a58636-0545-44cc-b6e1-1fe7362544c6,xpawelekk_,2002,26047,1
70a58636-0545-44cc-b6e1-1fe7362544c6,xpawelekk_,2003,22101,2
f3363094-ff55-453b-9dec-d7b46ef2234e,Parkourowiecc,6,13997,11
70a58636-0545-44cc-b6e1-1fe7362544c6,xpawelekk_,6,15898,4
05ac44cc-4b42-4000-a4f3-9fcf7869646f,Xamyr,6,15350,18
05ac44cc-4b42-4000-a4f3-9fcf7869646f,Xamyr,2010,35779,1
05ac44cc-4b42-4000-a4f3-9fcf7869646f,Xamyr,2011,35550,1
05ac44cc-4b42-4000-a4f3-9fcf7869646f,Xamyr,2012,29854,1
05ac44cc-4b42-4000-a4f3-9fcf7869646f,Xamyr,2013,47656,1
05ac44cc-4b42-4000-a4f3-9fcf7869646f,Xamyr,2014,47041,1
5b317a41-b01a-42c9-a804-1b88aa3ef408,Navi___,16,14359,1
5b317a41-b01a-42c9-a804-1b88aa3ef408,Navi___,400,15199,1
5b317a41-b01a-42c9-a804-1b88aa3ef408,Navi___,403,11651,2
5b317a41-b01a-42c9-a804-1b88aa3ef408,Navi___,6,15895,3
5b317a41-b01a-42c9-a804-1b88aa3ef408,Navi___,21,22840,1
5b317a41-b01a-42c9-a804-1b88aa3ef408,Navi___,206,15650,1
5b317a41-b01a-42c9-a804-1b88aa3ef408,Navi___,115,12105,2
f3363094-ff55-453b-9dec-d7b46ef2234e,Parkourowiecc,24,14701,5
5b317a41-b01a-42c9-a804-1b88aa3ef408,Navi___,11,8246,3
5b317a41-b01a-42c9-a804-1b88aa3ef408,Navi___,9,8649,7
5b317a41-b01a-42c9-a804-1b88aa3ef408,Navi___,8,12250,1
5b317a41-b01a-42c9-a804-1b88aa3ef408,Navi___,1403,26661,1
5b317a41-b01a-42c9-a804-1b88aa3ef408,Navi___,509,13298,1
f3363094-ff55-453b-9dec-d7b46ef2234e,Parkourowiecc,300,15155,2
8a03e238-95fc-4e05-a4ac-cfeff5337324,Hastik241,21,21800,2
f3363094-ff55-453b-9dec-d7b46ef2234e,Parkourowiecc,301,21605,2
8a03e238-95fc-4e05-a4ac-cfeff5337324,Hastik241,6,14766,5
05ac44cc-4b42-4000-a4f3-9fcf7869646f,Xamyr,31,36498,1
05ac44cc-4b42-4000-a4f3-9fcf7869646f,Xamyr,603,21645,1
f3363094-ff55-453b-9dec-d7b46ef2234e,Parkourowiecc,302,41402,3
05ac44cc-4b42-4000-a4f3-9fcf7869646f,Xamyr,2002,25293,1
